[{"model": "Records.dataset", "pk": 20, "fields": {"_datasetName": "TestData2", "_experiment": 16, "_instrument": null, "_instrumentSetting": null, "_type": "Example Data", "_operator": "Jane Doe", "_status": "In Progress", "_dateCreated": "2019-02-12T21:43:20Z", "_fileLocation": "D:", "_fileName": "Sample.txt", "_acquisitionStart": "2019-02-12T21:43:20Z", "_acquisitionEnd": "2019-02-12T21:43:20Z", "_fileSize": 5, "_fileHash": "", "_comments": "", "_sample": [20]}}, {"model": "Records.dataset", "pk": 21, "fields": {"_datasetName": "TestData3", "_experiment": 16, "_instrument": null, "_instrumentSetting": null, "_type": "Example Data", "_operator": "Jane Doe", "_status": "In Progress", "_dateCreated": "2019-02-12T21:43:20Z", "_fileLocation": "D:", "_fileName": "Sample.txt", "_acquisitionStart": "2019-02-12T21:43:20Z", "_acquisitionEnd": "2019-02-12T21:43:20Z", "_fileSize": 5, "_fileHash": "", "_comments": "", "_sample": [20]}}, {"model": "Records.dataset", "pk": 28, "fields": {"_datasetName": "Test_Test10__Example_rep3O1", "_experiment": 16, "_instrument": "Mass spec O1", "_instrumentSetting": null, "_type": null, "_operator": null, "_status": null, "_dateCreated": "2019-02-13T11:52:08.630Z", "_fileLocation": "Unknown", "_fileName": "Test_Test10__Example_rep3O1", "_acquisitionStart": "2019-02-13T11:52:08.630Z", "_acquisitionEnd": "2019-02-13T11:52:08.630Z", "_fileSize": null, "_fileHash": null, "_comments": null, "_sample": []}}, {"model": "Records.dataset", "pk": 48, "fields": {"_datasetName": "Diet1_Mouse1_0days_Standard_rep1O1", "_experiment": 30, "_instrument": "Mass spec O1", "_instrumentSetting": "Standard", "_type": "Mass Spec", "_operator": "", "_status": "Processing", "_dateCreated": "2019-01-01T00:00:00Z", "_fileLocation": "C:\\Xcalibur\\data\\LL1116_1-1-2019", "_fileName": "Diet1_Mouse1_0days_Standard_rep1O1.someType", "_acquisitionStart": "2019-02-28T10:43:43Z", "_acquisitionEnd": "2019-02-28T10:43:43Z", "_fileSize": null, "_fileHash": "", "_comments": "", "_sample": [41]}}, {"model": "Records.dataset", "pk": 57, "fields": {"_datasetName": "Diet1_Mouse5__Standard_rep1", "_experiment": 30, "_instrument": "Mass Spec", "_instrumentSetting": "Standard", "_type": "Mass Spec", "_operator": null, "_status": null, "_dateCreated": "2019-03-08T11:49:25.547Z", "_fileLocation": "C:\\Xcalibur\\data\\1234_", "_fileName": "Diet1_Mouse5__Standard_rep1None", "_acquisitionStart": "2019-03-08T11:49:25.547Z", "_acquisitionEnd": "2019-03-08T11:49:25.547Z", "_fileSize": null, "_fileHash": null, "_comments": null, "_sample": [50]}}, {"model": "Records.dataset", "pk": 62, "fields": {"_datasetName": "EW1017_QC_prerun1", "_experiment": 42, "_instrument": "Mass spec O1", "_instrumentSetting": "1", "_type": "Mass spec", "_operator": null, "_status": null, "_dateCreated": "2019-01-11T00:00:00Z", "_fileLocation": "C:\\Xcalibur\\data\\DiagnosticBSA", "_fileName": "EW1017_QC_prerun1", "_acquisitionStart": "2019-03-19T14:37:36.866Z", "_acquisitionEnd": "2019-03-19T14:37:36.866Z", "_fileSize": null, "_fileHash": null, "_comments": null, "_sample": [56]}}, {"model": "Records.dataset", "pk": 63, "fields": {"_datasetName": "EW1017_QC_prerun2", "_experiment": 42, "_instrument": "Mass spec O1", "_instrumentSetting": "1", "_type": "Mass spec", "_operator": null, "_status": null, "_dateCreated": "2019-01-11T00:00:00Z", "_fileLocation": "C:\\Xcalibur\\data\\DiagnosticBSA", "_fileName": "EW1017_QC_prerun2", "_acquisitionStart": "2019-03-19T14:37:36.901Z", "_acquisitionEnd": "2019-03-19T14:37:36.901Z", "_fileSize": null, "_fileHash": null, "_comments": null, "_sample": [57]}}, {"model": "Records.dataset", "pk": 64, "fields": {"_datasetName": "EW1017_M1_1_0_Standard_rep1O1", "_experiment": 42, "_instrument": "Mass spec O1", "_instrumentSetting": "1", "_type": "Mass spec", "_operator": null, "_status": null, "_dateCreated": "2019-01-11T00:00:00Z", "_fileLocation": "C:\\Xcalibur\\data\\EW1017_3-11-2019", "_fileName": "EW1017_M1_1_0_Standard_rep1O1", "_acquisitionStart": "2019-03-19T14:37:36.952Z", "_acquisitionEnd": "2019-03-19T14:37:36.952Z", "_fileSize": null, "_fileHash": null, "_comments": null, "_sample": [58]}}, {"model": "Records.dataset", "pk": 65, "fields": {"_datasetName": "EW1017_QC1", "_experiment": 42, "_instrument": "Mass spec O1", "_instrumentSetting": "1", "_type": "Mass spec", "_operator": null, "_status": null, "_dateCreated": "2019-01-11T00:00:00Z", "_fileLocation": "C:\\Xcalibur\\data\\DiagnosticBSA", "_fileName": "EW1017_QC1", "_acquisitionStart": "2019-03-19T14:37:37.017Z", "_acquisitionEnd": "2019-03-19T14:37:37.017Z", "_fileSize": null, "_fileHash": null, "_comments": null, "_sample": [59]}}, {"model": "Records.sample", "pk": 20, "fields": {"_sampleName": "Test1a", "_experiment": 16, "_storageCondition": "Frozen", "_storageLocation": "LSB Room ### Freezer #", "_treatmentProtocol": "Test Protocol", "_dateCreated": "2019-02-12T00:00:00Z", "_organism": "Mouse", "_organismModifications": "None", "_comments": ""}}, {"model": "Records.sample", "pk": 41, "fields": {"_sampleName": "Mouse1", "_experiment": 30, "_storageCondition": "Processing", "_storageLocation": "None", "_treatmentProtocol": null, "_dateCreated": "2019-02-28T10:43:43.524Z", "_organism": "MOUSE", "_organismModifications": "None", "_comments": "Concentration: 1\nNotebook code: LL1116\n"}}, {"model": "Records.sample", "pk": 50, "fields": {"_sampleName": "Mouse5", "_experiment": 30, "_storageCondition": "Processing", "_storageLocation": "LSB 0000", "_treatmentProtocol": null, "_dateCreated": "2019-03-08T11:27:44.647Z", "_organism": "Mouse", "_organismModifications": "None", "_comments": "Concentration: None\nNotebook code: 1234\n"}}, {"model": "Records.sample", "pk": 56, "fields": {"_sampleName": "M1_1", "_experiment": 42, "_storageCondition": "Processing", "_storageLocation": "B1", "_treatmentProtocol": null, "_dateCreated": "2019-01-11T00:00:00Z", "_organism": "MOUSE", "_organismModifications": "None", "_comments": "Concentration: 1\nNotebook code: EW1017\n"}}, {"model": "Records.sample", "pk": 57, "fields": {"_sampleName": "M1_3", "_experiment": 42, "_storageCondition": "Processing", "_storageLocation": "B2", "_treatmentProtocol": null, "_dateCreated": "2019-01-11T00:00:00Z", "_organism": "MOUSE", "_organismModifications": "None", "_comments": "Concentration: 1\nNotebook code: EW1017\n"}}, {"model": "Records.sample", "pk": 58, "fields": {"_sampleName": "M3_1", "_experiment": 42, "_storageCondition": "Processing", "_storageLocation": "B3", "_treatmentProtocol": null, "_dateCreated": "2019-01-11T00:00:00Z", "_organism": "MOUSE", "_organismModifications": "None", "_comments": "Concentration: 1\nNotebook code: EW1017\n"}}, {"model": "Records.sample", "pk": 59, "fields": {"_sampleName": "M3_2", "_experiment": 42, "_storageCondition": "Processing", "_storageLocation": "B4", "_treatmentProtocol": null, "_dateCreated": "2019-01-11T00:00:00Z", "_organism": "MOUSE", "_organismModifications": "None", "_comments": "Concentration: 1\nNotebook code: EW1017\n"}}, {"model": "Records.experiment", "pk": 16, "fields": {"_experimentName": "Test", "_projectLead": "L. Ead", "_teamMembers": "", "_IRB": null, "_experimentalDesign": "Example Design", "_comments": ""}}, {"model": "Records.experiment", "pk": 30, "fields": {"_experimentName": "Diet1", "_projectLead": "Dr. John Doe", "_teamMembers": null, "_IRB": null, "_experimentalDesign": null, "_comments": null}}, {"model": "Records.experiment", "pk": 39, "fields": {"_experimentName": "Sample correlation", "_projectLead": "Dr. John Doe", "_teamMembers": "", "_IRB": null, "_experimentalDesign": "Case Control Comparison", "_comments": ""}}, {"model": "Records.experiment", "pk": 42, "fields": {"_experimentName": "EW1017", "_projectLead": "Dr. John Doe", "_teamMembers": null, "_IRB": null, "_experimentalDesign": null, "_comments": null}}, {"model": "Records.detailedfield", "pk": "", "fields": {"_description": null, "_file": ""}}, {"model": "Records.detailedfield", "pk": "1", "fields": {"_description": null, "_file": ""}}, {"model": "Records.detailedfield", "pk": "6", "fields": {"_description": null, "_file": ""}}, {"model": "Records.detailedfield", "pk": "7", "fields": {"_description": null, "_file": ""}}, {"model": "Records.detailedfield", "pk": "Break everything", "fields": {"_description": "", "_file": ""}}, {"model": "Records.detailedfield", "pk": "Case Control Comparison", "fields": {"_description": "Two groups, one affected and the other normal, are compared.", "_file": ""}}, {"model": "Records.detailedfield", "pk": "Example Design", "fields": {"_description": "", "_file": "files/2019/02/13/44703448_499064537270160_8920204739405152256_n.jpg"}}, {"model": "Records.detailedfield", "pk": "Mass Spec", "fields": {"_description": null, "_file": ""}}, {"model": "Records.detailedfield", "pk": "Mass Spec ", "fields": {"_description": null, "_file": ""}}, {"model": "Records.detailedfield", "pk": "Mass Spec None", "fields": {"_description": null, "_file": ""}}, {"model": "Records.detailedfield", "pk": "Mass spec O1", "fields": {"_description": "\"Ionizes chemical species and sorts the ions based on their mass-to-charge ratio.\"", "_file": "files/2019/03/07/Lick_the_Science.jpg"}}, {"model": "Records.detailedfield", "pk": "Not Mass Spec", "fields": {"_description": "", "_file": ""}}, {"model": "Records.detailedfield", "pk": "One Group Analysis", "fields": {"_description": "Information is being collected on one group in general.", "_file": ""}}, {"model": "Records.detailedfield", "pk": "Standard", "fields": {"_description": null, "_file": ""}}, {"model": "Records.detailedfield", "pk": "Test Protocol", "fields": {"_description": "How the sample was prepared.", "_file": "files/2019/02/12/IMAG0141.jpg"}}, {"model": "Records.instrumentsetting", "pk": "", "fields": {"_instrument": null}}, {"model": "Records.instrumentsetting", "pk": "1", "fields": {"_instrument": null}}, {"model": "Records.instrumentsetting", "pk": "6", "fields": {"_instrument": null}}, {"model": "Records.instrumentsetting", "pk": "7", "fields": {"_instrument": null}}, {"model": "Records.instrumentsetting", "pk": "Break everything", "fields": {"_instrument": "Not Mass Spec"}}, {"model": "Records.instrumentsetting", "pk": "Standard", "fields": {"_instrument": null}}, {"model": "Records.instrument", "pk": "Mass Spec", "fields": {}}, {"model": "Records.instrument", "pk": "Mass Spec ", "fields": {}}, {"model": "Records.instrument", "pk": "Mass Spec None", "fields": {}}, {"model": "Records.instrument", "pk": "Mass spec O1", "fields": {}}, {"model": "Records.instrument", "pk": "Not Mass Spec", "fields": {}}, {"model": "Records.experimentaldesign", "pk": "Case Control Comparison", "fields": {"_extra_fields": "Risk factors,height"}}, {"model": "Records.experimentaldesign", "pk": "Example Design", "fields": {"_extra_fields": "Likes Tomatoes"}}, {"model": "Records.experimentaldesign", "pk": "One Group Analysis", "fields": {"_extra_fields": ""}}, {"model": "Records.protocol", "pk": "Test Protocol", "fields": {}}, {"model": "Records.filestatusoption", "pk": "Analyzed", "fields": {}}, {"model": "Records.filestatusoption", "pk": "Archived", "fields": {}}, {"model": "Records.filestatusoption", "pk": "Deleted", "fields": {}}, {"model": "Records.filestatusoption", "pk": "In Progress", "fields": {}}, {"model": "Records.filestatusoption", "pk": "Released", "fields": {}}, {"model": "Records.filestatusoption", "pk": "Replaced", "fields": {}}, {"model": "Records.filestatusoption", "pk": "Revoked", "fields": {}}, {"model": "Records.filestatusoption", "pk": "Submitted", "fields": {}}, {"model": "Records.backupfile", "pk": 1, "fields": {"file": "dump-2019-03-17.json", "date": "2019-03-17T00:00:00Z"}}, {"model": "Records.backupfile", "pk": 2, "fields": {"file": "dump-2019-03-18.json", "date": "2019-03-18T00:00:00Z"}}, {"model": "Records.backupfile", "pk": 3, "fields": {"file": "dump-2019-03-19.json", "date": "2019-03-19T00:00:00Z"}}]